{
  "name": "angular-loading-bar",
  "main": [
    "build/loading-bar.js",
    "build/loading-bar.css"
  ],
  "ignore": [
    "**/.*",
    "node_modules",
    "components",
    "test",
    "example"
  ],
  "dependencies": {
    "angular": "^1.2.9"
  },
  "devDependencies": {
    "angular": "~1.2.23",
    "angular-1.3": "angular#1.3",
    "angular-1.4": "angular#1.4",
    "angular-mocks": "~1.2.9",
    "angular-mocks-1.3": "angular-mocks#1.3",
    "angular-mocks-1.4": "angular-mocks#1.4",
    "angular-animate": "~1.2.9",
    "angular-animate-1.3": "angular-animate#1.3",
    "angular-animate-1.4": "angular-animate#1.4"
  },
  "resolutions": {
    "angular": "~1.2.23"
  },
  "homepage": "https://github.com/chieffancypants/angular-loading-bar",
  "version": "0.9.0",
  "_release": "0.9.0",
  "_resolution": {
    "type": "version",
    "tag": "0.9.0",
    "commit": "d734873e52ded18fa27d67f52272ae43267dfd63"
  },
  "_source": "https://github.com/chieffancypants/angular-loading-bar.git",
  "_target": "~0.9.0",
  "_originalSource": "angular-loading-bar"
}